<?xml version="1.0" encoding="iso-8859-1"?>
<mosinstall type="component">
	<name>RD_RSS</name>
	<author>Robert Deutz</author>
	<creationDate>December 2005</creationDate>
	<copyright>(C) 2005 Open Source Matters. All rights reserved.</copyright>
	<license>http://www.gnu.org/copyleft/gpl.html GNU/GPL</license>
	<authorEmail>joomla at run-digital.com</authorEmail>
	<authorUrl>www.run-digital.com</authorUrl>
	<version>1.0.0</version>
	<description>This component controls the Syndication settings for varius Feeds</description>
  <files>
    <filename>rd_rss.php</filename>
    <filename>rd_rss.class.php</filename>
    <filename>index.html</filename>
  </files>
  <images>
  </images>
  <administration>
    <menu>RD RSS</menu>
    <files>
      <filename>admin.rd_rss.php</filename>
      <filename>admin.rd_rss.html.php</filename>
      <filename>languages/english_admin.php</filename>
      <filename>rd_x_config.xml</filename>
      <filename>rd_xf_config.xml</filename>
      <filename>index.html</filename>
      <filename>toolbar.rd_rss.php</filename>
      <filename>toolbar.rd_rss.html.php</filename>
      <filename>install.rd_rss.php</filename>
    </files>
  </administration>
  
  <installfile>install.rd_rss.php</installfile>
  
</mosinstall>
